{"regression_r2": 0.21479973291279242, "classification_accuracy": 0.975, "classification_f1": 0.9731939895973801}